{"cameraMode":{"drawMode":0,"name":"Shaded","section":"Shading Mode"},"sceneLighting":false,"audioPlay":false,"sceneViewState":{"m_AlwaysRefresh":false,"showFog":true,"showSkybox":false,"showFlares":true,"showImageEffects":true,"showParticleSystems":true,"showVisualEffectGraphs":true,"m_FxEnabled":true},"in2DMode":false,"pivot":{"x":-0.011465489864349366,"y":0.17979185283184052,"z":-0.02715277671813965},"rotation":{"x":0.2378726750612259,"y":-0.11163070052862168,"z":0.027482302859425546,"w":0.9644983410835266},"size":0.6650378108024597,"orthographic":false}