{"cameraMode":{"drawMode":0,"name":"Shaded","section":"Shading Mode"},"sceneLighting":false,"audioPlay":false,"sceneViewState":{"m_AlwaysRefresh":false,"showFog":true,"showSkybox":false,"showFlares":true,"showImageEffects":true,"showParticleSystems":true,"showVisualEffectGraphs":true,"m_FxEnabled":true},"in2DMode":false,"pivot":{"x":2.0412299633026125,"y":1.1316404342651368,"z":0.5500483512878418},"rotation":{"x":0.2378726750612259,"y":-0.11163070052862168,"z":0.027482302859425546,"w":0.9644983410835266},"size":1.4160207509994507,"orthographic":false}