{"cameraMode":{"drawMode":0,"name":"Shaded","section":"Shading Mode"},"sceneLighting":true,"audioPlay":false,"sceneViewState":{"m_AlwaysRefresh":false,"showFog":true,"showSkybox":true,"showFlares":true,"showImageEffects":true,"showParticleSystems":true,"showVisualEffectGraphs":true,"m_FxEnabled":true},"in2DMode":false,"pivot":{"x":8.937189102172852,"y":-2.9783849716186525,"z":1.1980383396148682},"rotation":{"x":0.6305013298988342,"y":0.0009313329355791211,"z":-0.0007565569248981774,"w":0.7761889696121216},"size":9.027006149291993,"orthographic":false}