{"cameraMode":{"drawMode":0,"name":"Shaded","section":"Shading Mode"},"sceneLighting":false,"audioPlay":false,"sceneViewState":{"m_AlwaysRefresh":false,"showFog":true,"showSkybox":false,"showFlares":true,"showImageEffects":true,"showParticleSystems":true,"showVisualEffectGraphs":true,"m_FxEnabled":true},"in2DMode":false,"pivot":{"x":0.24999991059303285,"y":0.4999999403953552,"z":0.24999994039535523},"rotation":{"x":0.2378726750612259,"y":-0.11163070052862168,"z":0.027482302859425546,"w":0.9644983410835266},"size":0.6123723983764648,"orthographic":false}