{"cameraMode":{"drawMode":0,"name":"Shaded","section":"Shading Mode"},"sceneLighting":false,"audioPlay":false,"sceneViewState":{"m_AlwaysRefresh":false,"showFog":true,"showSkybox":false,"showFlares":true,"showImageEffects":true,"showParticleSystems":true,"showVisualEffectGraphs":true,"m_FxEnabled":true},"in2DMode":false,"pivot":{"x":0.1626659333705902,"y":0.4003324508666992,"z":-1.2810146808624268},"rotation":{"x":0.2378726750612259,"y":-0.11163070052862168,"z":0.027482302859425546,"w":0.9644983410835266},"size":1.1103601455688477,"orthographic":false}